<?xml version="1.0" encoding="UTF-8"?>
<project-private xmlns="http://www.netbeans.org/ns/project-private/1">
    <data xmlns="http://www.netbeans.org/ns/profiler/1" version="0.9.1"/>
    <editor-bookmarks xmlns="http://www.netbeans.org/ns/editor-bookmarks/1"/>
    <open-files xmlns="http://www.netbeans.org/ns/projectui-open-files/1">
        <file>file:/home/dmn/Projects/Java/JStat/src/jstat/gui/Main.java</file>
        <file>file:/home/dmn/Projects/Java/JStat/src/jstat/projectplugins/first.bsh</file>
    </open-files>
</project-private>
